{"total": 3, "rows": [{
    "module": "员工信息模块",
    "requirements": "批量导入人员信息时的信息校验改进，\n员工详情模块添加",
    "goal": "1、利用EXCEL批量导入人员信息时，添加对考核人姓名及邮箱的信息校验\n 2、在员工信息模块中，添加员工详情子模块，以便HRBP查看其责任部门下的所有员工详细信息",
    "priority": "",
    "expectQuatity": "200",
    "actualQuatity": "300",
    "workHours": "2",
    "worker": "栗小雯",
    "status": "已完成",
    "completeDetail": "1、利用EXCEL批量导入人员信息时，添加对考核人姓名及邮箱的信息校验\n 2、在员工信息模块中，添加员工详情子模块，以便HRBP查看其责任部门下的所有员工详细信息",
    "startDay": "2018/6/24",
    "endDay": "2018/6/25"
},{
    "module": "试用准备及bug解决",
    "requirements": "一处试用准备，\n解决试用过程中发现的问题点",
    "goal": "1、实现系统整体样式调整\n 2、实现复选下拉框功能\n 3、解决修改权限页面登录过期时，自动跳转到登录页面但是没有提示的Bug\n 4、解决登录页面画中画bug\n 5、调整首页待办事项中待排序和待评议的查询方式",
    "priority": "",
    "expectQuatity": "3000",
    "actualQuatity": "2000",
    "workHours": "4",
    "worker": "张松",
    "status": "已完成",
    "completeDetail": "1、实现系统整体样式调整\n 2、实现复选下拉框功能\n 3、解决修改权限页面登录过期时，自动跳转到登录页面但是没有提示的Bug\n 4、解决登录页面画中画bug\n 5、调整首页待办事项中待排序和待评议的查询方式",
    "startDay": "2018/6/23",
    "endDay": "2018/6/26"
},{
    "module": "试用准备及bug解决",
    "requirements": "一处试用准备，\n解决试用过程中发现的问题点",
    "goal": "1. 修改邮箱发送流程，把发送失败的放到数据库中，后续重复发送。\n2. 增加异步发送邮件流程。",
    "priority": "",
    "expectQuatity": "300",
    "actualQuatity": "300",
    "workHours": "4",
    "worker": "郑树锐",
    "status": "已完成",
    "completeDetail": "1. 修改邮箱发送流程，把发送失败的放到数据库中，后续重复发送。\n2. 增加异步发送邮件流程。",
    "startDay": "2018/6/23",
    "endDay": "2018/6/26"
}]}